{
    "accuracy": 0.9638775,
    "precision": 0.9643866167285892,
    "recall": 0.9633990388938287,
    "f1_score": 0.9638925748500001
}